{
    "id": "a2be69a7d65f",
    "p_pv": 0.0,
    "p_grid": 23.227049831695002,
    "p_ess": 1,
    "feasible_ev_charging_power": 23.227049831695002,
    "p_ev": {
        "0": 10,
        "1": 4,
        "3": 3
    },
    "execution_time": 973.6451106071472
}