{
    "id": "a2be69a7d65f",
    "p_pv": 0.0,
    "p_grid": 23.227049831695002,
    "p_ess": -1.1918808503354284e-18,
    "feasible_ev_charging_power": 23.227049831695002,
    "p_ev": {
        "0": 0.3013727550731815,
        "1": 0.16101915771052835,
        "3": 0.6440766308421138
    },
    "execution_time": 950.8409900665283
}